www.geeksforgeeks.com,257
www.stackoverflow.com,48
www.researchgate.com,104
www.programming101.com,94
www.analysisandalgorithms.com,38
www.googlescholar.com,47
www.codingexperts.com,26
www.udemycourses.com,90
www.computerlibrary.com,30
www.datastructures.com,27
www.pythonbasics.com,16
www.javacompiler.com,52
www.onlinegdb.com,37
www.cpluspluscompiler.com,91
www.pythoncompiler.com,29
www.html.com,37
www.computerorganization.com,15
www.artificialintelligence.com,34
www.machinelearing.com,35
www.allyouneedcourses.com,14
www.happylearning.com,39
www.hardwareland.com,12
www.computerarchitecture.com,24
www.programmiz.com,92
www.embeddedsystems.com,24
www.fundemtalsofcomputing.com,54
www.softwaredevelopment.com,26
www.operatingsystems.com,58
www.javabasics.com,28
www.programminglanguages.com,92