www.geeksforgeeks.com,data.structures,structures,complexity,algorithms,program,c++,python,java
www.stackoverflow.com,programming,data,c++,program
www.researchgate.com,research,complexity,procedural,objects
www.programming101.com,programming,java,python,objects
www.analysisandalgorithms.com,complexity,algorithms,efficiency,analysis,design
www.googlescholar.com,research,algorithms,complexity
www.codingexperts.com,beginner,c++,java,python
www.udemycourses.com,courses,beginner,learn,languages,computer
www.computerlibrary.com,books,research,computer,languages
www.datastructures.com,data,structures,algorithms,vectors,dynamic.programming
www.pythonbasics.com,python,beginner,learn,courses
www.javacompiler.com,java,compiler,online,programs
www.onlinegdb.com,c++,java,compiler,online,gdb,python
www.cpluspluscompiler.com,c++,compiler
www.pythoncompiler.com,python,compiler,online
www.html.com,html,coding
www.computerorganization.com,architecture,organization,computer,hardware
www.artificialintelligence.com,AI,intelligence,computer,architecture,hardware
www.machinelearing.com,machine.learning,machine,learning,hardware
www.allyouneedcourses.com,learning,courses,beginner
www.happylearning.com,learning,courses,beginner,languages
www.hardwareland.com,hardware,architecture,organization
www.computerarchitecture.com,learning,computer,architecture,machine
www.programmiz.com,programming,programs,c++,python,java
www.embeddedsystems.com,hardware,embedded,systems,embedded systems,architecture,computer
www.fundemtalsofcomputing.com,basics,learning,data,structures,vectors
www.softwaredevelopment.com,software,learning,development
www.operatingsystems.com,operating systems,operating,systems,programming
www.javabasics.com,java,beginner,learning
www.programminglanguages.com,languages,programming