www.geeksforgeeks.com,www.programming101.com
www.programming101.com,www.geeksforgeeks.com
www.computerarchitecture.com,www.happylearning.com
www.allyouneedcourses.com,www.happylearning.com
www.happylearning.com,www.hardwareland.com
www.stackoverflow.com,www.datastructures.com
www.fundemtalsofcomputing.com,www.datastructures.com
www.analysisandalgorithms.com,www.researchgate.com
www.researchgate.com,www.udemycourses.com
www.researchgate.com,www.fundemtalsofcomputing.com
www.embeddedsystems.com,www.analysisandalgorithms.com
www.stackoverflow.com,www.embeddedsystems.com
www.researchgate.com,www.googlescholar.com
www.googlescholar.com,www.researchgate.com
www.googlescholar.com,www.programmiz.com
www.programmiz.com,www.datastructures.com
www.datastructures.com,www.computerlibrary.com
www.computerlibrary.com,www.codingexperts.com
www.codingexperts.com,www.fundemtalsofcomputing.com
www.computerlibrary.com,www.javacompiler.com
www.javacompiler.com,www.pythoncompiler.com
www.stackoverflow.com,www.allyouneedcourses.com
www.pythoncompiler.com,www.cpluspluscompiler.com
www.hardwareland.com,www.computerarchitecture.com
www.computerarchitecture.com,www.stackoverflow.com
www.datastructures.com,www.softwaredevelopment.com
www.softwaredevelopment.com,www.html.com
www.html.com,www.googlescholar.com
www.pythonbasics.com,www.onlinegdb.com
www.computerorganization.com,www.softwaredevelopment.com
www.onlinegdb.com,www.computerorganization.com
www.machinelearing.com,www.pythonbasics.com
www.cpluspluscompiler.com,www.machinelearing.com
www.machinelearing.com,www.javabasics.com
www.javabasics.com,www.artificialintelligence.com
www.programminglanguages.com,www.javabasics.com
www.machinelearing.com,www.programminglanguages.com
www.artificialintelligence.com,www.javabasics.com
www.artificialintelligence.com,www.computerorganization.com
www.operatingsystems.com,www.javacompiler.com
www.onlinegdb.com,www.operatingsystems.com
www.udemycourses.com,www.codingexperts.com